<?xml version="1.0" encoding="utf-8"?>
<extension type="module" client="site" method="upgrade">
    <name>Custom Hello World Module</name>
    <author>Neha Patel</author>
    <version>1.0.0</version>

    <files>
        <filename module="mod_customhello">mod_customhello.php</filename>
        <filename>helper.php</filename>
        <filename>mod_customhello.xml</filename>
        <folder>tmpl</folder>
    </files>

    <config>
        <fields name="params">
            <fieldset name="basic">
                <field name="custom_message"
                       type="text"
                       label="Custom Message"
                       description="Enter the message to display"
                       default="Hello World Custom Module !" />
            </fieldset>
        </fields>
    </config>
</extension>
