<?xml version="1.0" encoding="utf-8"?>
<extension type="component" method="upgrade" version="4.0">
    <name>com_crudsample</name>
    <version>0.0.6</version>
    <description>CRUD Sample Component</description>

    <namespace path="src">Joomla\Component\Crudsample</namespace>
    <site>
        <files folder="site">
            <filename>crudsample.php</filename>
            <folder>src</folder>
            <folder>tmpl</folder>
            <folder>forms</folder>
        </files>
    </site>

    <administration>
        <menu link="index.php?option=com_crudsample">Crud Sample</menu>

        <files folder="administrator">
            <filename>crudsample.php</filename>
            <folder>src</folder>
            <folder>services</folder>
            <folder>tmpl</folder>
        </files>
    </administration>
</extension>
